{"cameraMode":{"drawMode":0,"name":"Shaded","section":"Shading Mode"},"sceneLighting":true,"audioPlay":false,"sceneViewState":{"showFog":true,"showMaterialUpdate":true,"showSkybox":true,"showFlares":true,"showImageEffects":true,"showParticleSystems":true},"in2DMode":false,"pivot":{"x":-4.088052749633789,"y":1.028115153312683,"z":4.226583480834961},"rotation":{"x":0.34539341926574709,"y":-0.5341489911079407,"z":0.25309744477272036,"w":0.7289237976074219},"size":13.851316452026368,"orthographic":false}